"PMID","Year","Name","Description"
7479742,0,"7479742",NA
7479864,0,"7479864",NA
1448153,0,"1448153",NA
1522589,0,"1522589",NA
7493928,0,"7493928",NA
7493928,0,"7493928",NA
7493928,0,"7493928",NA
7493928,0,"7493928",NA
3597357,0,"3597357",NA
3597357,0,"3597357",NA
7477295,0,"7477295",NA
7477295,0,"7477295",NA
7477295,0,"7477295",NA
7477295,0,"7477295",NA
7477295,0,"7477295",NA
7477295,0,"7477295",NA
2722838,0,"2722838",NA
1429721,0,"1429721",NA
1552945,0,"1552945",NA
1552945,0,"1552945",NA
2649503,0,"2649503",NA
1330535,0,"1330535",NA
7240,0,"7240",NA
7240,0,"7240",NA
2391361,0,"2391361",NA
1312256,0,"1312256",NA
1417831,0,"1417831",NA
2531657,0,"2531657",NA
7477378,0,"7477378",NA
7489725,0,"7489725",NA
2998765,0,"2998765",NA
2998765,0,"2998765",NA
6644819,0,"6644819",NA
1281549,0,"1281549",NA
3109943,0,"3109943",NA
7479769,0,"7479769",NA
6547441,0,"6547441",NA
6262312,0,"6262312",NA
1996959,0,"1996959",NA
2531657,0,"2531657",NA
1324914,0,"1324914",NA
6402020,0,"6402020",NA
1347949,0,"1347949",NA
1347949,0,"1347949",NA
1377677,0,"1377677",NA
7489725,0,"7489725",NA
7489725,0,"7489725",NA
7489725,0,"7489725",NA
7489725,0,"7489725",NA
7489725,0,"7489725",NA
7478990,0,"7478990",NA
7478990,0,"7478990",NA
7478990,0,"7478990",NA
1519061,0,"1519061",NA
2557337,0,"2557337",NA
3472906,0,"3472906",NA
7477295,0,"7477295",NA
7477295,0,"7477295",NA
2023931,0,"2023931",NA
2023931,0,"2023931",NA
1321150,0,"1321150",NA
1321150,0,"1321150",NA
4335615,0,"4335615",NA
1374686,0,"1374686",NA
2050683,0,"2050683",NA
1650365,0,"1650365",NA
1650365,0,"1650365",NA
2732223,0,"2732223",NA
6321473,0,"6321473",NA
2033070,0,"2033070",NA
2915986,0,"2915986",NA
1379243,0,"1379243",NA
1420139,0,"1420139",NA
